<story>
    <situation id="welcome">
        <text>
            Welcome dear Friend to the greatest adventure of all time. An adventure for the bravest of us.
        </text>
        <text wait="400">
            An adventure for you!
        </text>
        <text wait="700">
            Are you ready ?
        </text>
        <choices>
            <choice to="welcome2" summary="yes">
                I am! Let's do it baby!
            </choice>
            <choice to="welcome_end" summary="no">
                Not now, maybe another time bitch !
            </choice>
        </choices>
    </situation>
    <situation id="welcome2">
        <text>
            Here we are. The moment you've been waiting for all this time.
        </text>
        <text wait="700">
            You arrive at the 42 school. A guy behind a desk call you.
        </text>
        <choices>
            <choice to="reception" summary="Go see him">
                Go see him! He looks nice!
            </choice>
            <choice to="reception" summary="Leave">
                Say "Fuck this shit!" and leave!
            </choice>
        </choices>
    </situation>
    <situation id="reception">
        <text>
            The end.
        </text>
    </situation>
</story>